bicycle	smooth	instance	tired	wagon	pig	deep
angle	lead	younger	handle	wide	than	secret
fireplace	got	mail	dog	each	eleven	drive
ancient	must	tree	sign	characteristic	adult	making
handle	stay	beyond	salmon	seldom	living	trick
forward	chosen	birds	pink	swim	yourself	drop
airplane	between	name	only	hunter	shade	itself
go	seed	advice	difference	slave	exchange	begun
gasoline	freedom	try	exercise	bean	structure	quite
figure	island	pocket	plates	paid	lying	spring
path	waste	oldest	gave	discussion	southern	block
stood	bend	dream	perfect	pan	period	carried
forth	audience	harder	beyond	did	national	end
took	arrive	each	shaking	arrow	outside	loud
science	paid	love	today	does	screen	silly
paint	saved	after	dawn	whatever	cry	clay
biggest	cloth	life	factor	written	worry	village
like	up	consonant	motor	support	time	vapor
bus	effort	golden	park	inch	run	total
when	add	return	blue	stream	weak	move
herself	bark	tube	space	fat	for	shot
fight	mill	only	mill	aboard	event	teacher
band	tropical	root	frog	badly	shirt	organized
pick	station	origin	social	first	climb	price
climate	help	nobody	threw	yourself	collect	soft
care	by	club	safe	pocket	worth	found
cent	problem	forty	feet	fully	farmer	shop
beyond	flew	deeply	bite	shop	keep	valuable
explore	worse	zoo	journey	whispered	another	changing
shirt	save	upward	short	beside	son	anyone
dinner	truth	perfect	hospital	blanket	world	dream
nature	wore	apart	walk	ask	music	tired
goose	building	note	zero	suddenly	organization	slipped
climb	forgot	aid	buffalo	wrapped	vegetable	probably
business	gold	struggle	load	doctor	quick	problem
steel	merely	daughter	tight	theory	piano	newspaper
damage	think	desert	stepped	border	waste	ago
partly	aloud	share	grew	memory	brick	magnet
camp	older	rhyme	silence	send	attack	definition
wild	pick	modern	room	hit	funny	at
hold	rod	something	north	peace	fourth	said
park	instant	anybody	below	they	bush	enter
bright	pretty	element	birds	right	bell	reader
laugh	unhappy	attack	label	complete	camp	horn
mathematics	dinner	long	in	dropped	dig	structure
globe	correctly	floor	part	began	middle	light
term	gun	tea	drew	moving	consonant	similar
seen	image	putting	finger	please	rate	canal
arrange	grass	therefore	could	all	dawn	rather
character	fox	son	dirty	sitting	red	over
supper	winter	education	halfway	birds	answer	thousand
silver	bottom	younger	doing	plural	travel	notice
clock	shine	plan	sign	require	line	his
rays	region	opposite	familiar	concerned	mile	feathers
sell	time	cannot	nature	available	search	last
wife	rhythm	easily	mine	outer	connected	hour
compare	chief	shoe	shake	listen	now	alive
national	discovery	hardly	machine	world	enjoy	eaten
faster	spend	smooth	me	wise	wolf	corner
plate	wise	oil	cross	pupil	feathers	bite
track	worth	gasoline	took	shown	captain	cross
division	changing	farm	forty	pool	willing	art
just	surrounded	growth	suddenly	completely	safety	contrast
place	chief	cream	kept	copy	voyage	page
ocean	massage	studied	tightly	sad	driver	dollar
pound	south	almost	feature	harbor	announced	jet
long	face	signal	hole	captured	two	physical
round	decide	gently	indicate	serve	animal	her
sang	definition	previous	courage	fought	long	brass
treated	been	every	search	model	original	area
eager	box	load	stretch	tune	safety	recall
dirty	eleven	development	fast	lot	glad	prevent
entire	feature	exact	bow	recently	recently	stems
also	limited	wave	observe	find	cold	took
something	understanding	heading	vast	protection	may	pan
garage	taste	bank	wooden	walk	birds	rather
never	anyone	land	troops	last	suggest	fierce
ranch	movement	column	method	cold	jack	definition
perfectly	he	more	early	gently	leader	refer
add	magnet	surprise	grade	yet	bark	ought
surrounded	frequently	greater	accident	luck	farm	total
section	nor	real	fun	are	behavior	roof
unusual	mark	escape	between	becoming	trouble	cannot
larger	known	although	different	green	practical	none
fairly	drive	huge	truck	later	spoken	curious
frequently	clear	angle	grow	year	rope	due
floor	pole	solar	topic	pitch	swung	engine
alive	interest	corn	natural	land	planned	certainly
kids	shape	putting	courage	sight	stock	provide
has	gentle	seven	education	song	store	flat
pleasant	western	work	amount	question	physical	supper
strong	talk	afraid	musical	horn	cage	will
alive	may	experience	somewhere	lot	best	meal
supper	composed	hope	broken	tube	fill	lot
ordinary	atmosphere	level	best	party	slow	win
again	continent	cry	more	page	sad	married
sale	gradually	known	outside	brain	wonder	paid
small	put	doubt	merely	plain	pink	teeth
white	mud	why	system	railroad	horn	walk
blank	tree	best	further	rest	tax	example
back	energy	cotton	fierce	string	stranger	behavior
aware	reader	bus	drove	do	orange	mission
was	ball	available	till	sunlight	next	official
triangle	nearly	outside	volume	pretty	earth	low
rhythm	thumb	lunch	apartment	fear	putting	lie
clean	sum	move	mood	breeze	yes	yourself
forgot	seldom	through	path	power	think	now
represent	verb	regular	examine	had	cannot	prepare
tin	room	graph	smaller	missing	war	tower
aboard	from	reason	interior	trouble	tongue	phrase
evidence	left	larger	jet	eat	conversation	ice
spin	difficulty	given	glass	dirty	film	belong
answer	kill	command	roar	rice	spent	function
attempt	solution	wave	work	record	cap	saved
definition	lying	doing	short	teach	feel	satellites
adult	fully	fight	whom	older	opinion	trip
ranch	giant	shine	shake	floating	typical	sell
probably	everywhere	classroom	gate	health	contain	present
sort	notice	could	lower	herd	order	chest
paint	job	improve	shout	six	steam	got
explanation	city	thread	regular	had	reach	importance
element	gentle	mix	post	silver	best	mental
fast	universe	turn	wonder	outer	weather	said
feel	speak	appearance	around	pot	swimming	longer
shoot	give	remember	pull	no	inside	suddenly
out	canal	spend	loss	till	ate	secret
worker	gasoline	dear	force	ordinary	grandmother	fifty
railroad	sitting	explain	easily	familiar	any	selection
suggest	mine	manner	coach	lost	chest	softly
funny	piece	wind	distant	frequently	alone	who
pictured	lake	lost	stone	cost	needed	vote
opinion	truth	prevent	floating	give	opposite	consonant
finger	beginning	bad	mine	dried	who	field
snow	using	far	control	earlier	heading	who
pain	speak	women	graph	important	settle	swimming
behavior	flame	fruit	cage	connected	current	leaf
arrange	usual	system	make	route	scene	strip
diameter	pitch	various	broken	able	height	point
selection	mixture	composition	horn	price	thrown	review
human	copper	telephone	birds	special	nine	copper
ahead	frighten	you	minerals	studying	shadow	moving
lamp	could	speak	satisfied	promised	number	task
hold	shine	us	be	herd	move	biggest
airplane	form	business	body	environment	look	shoot
scene	danger	method	writing	box	trail	actual
maybe	cloth	whether	great	doll	shake	volume
building	maybe	entire	shut	our	order	outside
everywhere	enough	syllable	means	particularly	win	blew
please	related	keep	dull	wish	front	dream
sense	twice	certain	in	frighten	house	sad
sets	realize	recent	division	frequently	copper	horse
kind	bound	gray	apartment	pine	road	chief
connected	unless	flow	easy	salmon	flat	equal
wherever	guide	doll	brick	meal	question	melted
triangle	thee	enjoy	today	seldom	tongue	moon
egg	knowledge	sentence	pick	require	substance	opinion
famous	planning	be	likely	grandfather	time	jar
exactly	north	spite	silly	already	fell	curious
lungs	signal	valuable	red	house	sharp	railroad
require	be	together	thee	reach	end	were
your	effort	rain	alone	became	ring	mistake
spirit	wet	bet	music	higher	fence	function
remember	possibly	football	chose	compass	slowly	skin
church	ants	establish	silk	heart	decide	is
silent	soap	everything	walk	least	imagine	curious
rising	central	fall	needed	journey	body	choice
century	sale	element	buried	thread	suddenly	through
fog	teach	bet	result	aboard	castle	ring
effect	his	giant	food	jump	rice	stood
wooden	us	strong	raise	electric	thumb	speech
room	accident	upward	out	airplane	like	stronger
brick	planet	red	quarter	five	suggest	supply
disappear	noise	colony	mind	buried	draw	around
jack	thick	policeman	deal	fill	little	radio
topic	couple	parallel	come	ruler	escape	putting
printed	spite	made	however	frame	family	library
early	further	lot	present	first	mostly	push
traffic	lot	course	plural	toy	language	wife
rush	take	on	pie	note	claws	species
regular	riding	wore	youth	wing	partly	drawn
bent	rather	mental	lesson	lips	freedom	three
zero	parts	which	slabs	pale	underline	worried
dangerous	wild	alike	built	news	tube	dropped
flame	main	solve	them	personal	kept	map
satellites	weigh	able	suit	answer	globe	left
piano	made	trap	dangerous	automobile	package	interest
treated	actual	lady	composed	cutting	rock	beautiful
source	ago	piece	joined	melted	himself	blow
bare	pilot	forget	army	valuable	bread	little
level	taste	us	suit	fifty	western	title
tree	get	colony	nervous	element	swimming	rabbit
goose	day	problem	plus	soil	state	notice
shall	percent	completely	minerals	break	parent	rhyme
smell	composed	away	group	balloon	village	effect
just	sink	turn	measure	doctor	get	vapor
low	opinion	making	whale	smallest	crop	national
practical	winter	onlinetools	bush	different	happily	talk
rocky	evidence	brief	fallen	ground	shine	better
article	business	trace	bell	drink	syllable	rhyme
double	related	hundred	larger	certain	rise	thee
noise	thumb	thread	game	foreign	graph	temperature
population	task	young	major	because	sentence	star
whole	leather	mental	itself	radio	camera	jungle
refer	popular	me	package	gave	hill	due
oldest	phrase	floating	involved	perhaps	peace	people
do	thus	student	boat	improve	bus	mix
plastic	free	cook	they	apartment	blood	peace
room	until	setting	dust	changing	goose	type
glass	route	century	feet	involved	origin	oxygen
diameter	jack	highest	hardly	natural	recall	seeing
sheet	putting	club	slabs	push	improve	happen
rough	molecular	relationship	immediately	fat	tribe	victory
library	outside	story	free	reach	driver	coach
advice	bright	dog	refused	smoke	mixture	buffalo
death	rise	needle	due	another	roar	upward
account	ordinary	leaf	cap	having	instant	monkey
whispered	one	danger	stared	his	easy	how
speed	tube	eager	process	fence	took	typical
importance	people	mill	community	officer	driven	carry
son	frog	wrong	reason	gun	area	forgotten
yourself	noon	explore	great	one	single	plan
hunter	along	particular	slave	difference	lower	hold
daily	soldier	previous	gas	chest	powerful	plan
facing	rain	our	had	fire	old	single
thrown	television	clean	wool	coming	house	saw
became	they	thou	account	mouse	cover	distance
guess	shade	ask	treated	frozen	pan	many
column	food	matter	loss	try	structure	sit
origin	using	driver	wrong	cow	chain	relationship
double	roll	written	rapidly	song	tongue	central
trail	kids	stay	aware	rush	planned	hold
gain	alike	brother	might	water	time	acres
attack	soft	nails	unknown	sail	canal	themselves
handsome	only	thought	corner	solar	gift	sentence
pilot	blow	design	cut	any	building	no
brown	grow	herself	potatoes	as	dead	excited
such	potatoes	behavior	opinion	mathematics	large	visitor
share	cabin	written	forgotten	spread	chose	common
nice	smooth	eight	policeman	impossible	unknown	nature
gave	will	ago	practice	series	closely	girl
track	machine	dawn	essential	wild	forward	care
lesson	through	anybody	kids	either	steady	through
through	whatever	throughout	circus	hair	pound	his
rear	frighten	design	tide	plant	battle	organized
medicine	chosen	powerful	butter	minute	sugar	signal
cross	various	adventure	tower	thumb	seed	log
proud	recognize	master	itself	equally	activity	principle
bicycle	basis	cry	we	season	exactly	expression
form	melted	fat	instead	engineer	quarter	tropical
outside	actually	peace	indicate	scale	organized	until
eight	snake	section	maybe	tone	pile	plate
large	attention	length	whale	fight	stuck	nearer
accurate	nearer	medicine	final	sang	chance	road
free	knife	alphabet	different	where	island	pain
lamp	beauty	stared	roar	north	ate	income
potatoes	any	lot	check	individual	distance	molecular
hard	rather	pile	city	include	dot	gray
worse	east	due	noon	each	given	energy
bus	lying	flag	dear	girl	now	century
citizen	smile	rest	stood	apart	real	quarter
word	came	vapor	not	phrase	stay	heavy
himself	either	sign	pleasant	place	place	paid
dropped	believed	freedom	swim	copy	substance	share
triangle	swing	green	hold	any	writer	curious
college	dog	piece	truck	peace	mysterious	attempt
depth	double	than	satellites	history	ill	examine
pocket	chance	unless	twice	however	them	sold
hunt	day	prove	nodded	declared	understanding	easily
both	dead	call	father	negative	hide	hill
fresh	desk	country	substance	type	alike	learn
trip	to	anywhere	rays	stems	soft	writing
condition	division	lips	balance	characteristic	joy	adult
chair	sea	fellow	buffalo	soldier	grandfather	gold
already	buy	till	widely	universe	mind	truck
pool	sister	instant	pan	twice	grabbed	earth
what	back	strip	organized	aboard	square	brought
color	army	so	wave	nobody	instrument	nails
planet	far	shout	rose	fast	chosen	captain
him	teach	break	space	able	into	began
got	later	capital	late	globe	something	may
test	great	society	stranger	mother	quick	note
show	until	frighten	carry	badly	country	forest
fallen	middle	gone	tongue	buried	growth	red
bite	garage	writer	cream	mysterious	animal	pitch
held	fireplace	situation	tool	bend	policeman	basis
forward	fence	brick	cowboy	moving	military	manner
away	creature	is	managed	quite	student	rain
useful	speech	instant	camp	known	upward	service
realize	smaller	sometime	where	image	brass	engine
orange	heavy	attached	silk	recently	difficult	report
shorter	rubbed	bowl	foot	labor	cause	proud
sun	personal	crop	begun	naturally	valuable	poet
surface	hot	quite	needs	solid	fed	before
probably	rest	easy	bottom	dark	eye	fort
breakfast	question	improve	symbol	work	due	divide
tears	bag	aware	slide	lying	note	closer
planning	finally	discover	establish	bar	summer	bend
nobody	single	pet	dry	yard	plate	apart
piece	peace	city	few	crew	face	learn
deep	twelve	discussion	follow	court	read	load
go	grain	edge	without	soap	snake	mixture
tongue	pony	all	hearing	dish	sand	corn
stomach	due	recent	trip	mirror	point	environment
please	like	order	better	deeply	kids	will
flag	discover	mighty	this	him	explanation	enough
jet	salt	captain	off	correctly	board	rubber
largest	understanding	mainly	shore	primitive	fastened	express
interest	ahead	magic	think	coming	doctor	excellent
whenever	there	earth	gray	but	paid	cast
immediately	ahead	fruit	section	pilot	thank	station
upper	each	actual	wire	sell	period	black
particularly	purpose	dangerous	greater	location	adventure	difficult
soldier	mind	official	stuck	look	carry	event
list	anybody	captured	word	failed	ought	sense
evening	half	adult	stems	corner	rapidly	putting
band	complete	conversation	strike	proper	song	born
create	such	universe	ear	particular	quite	only
have	pain	living	beyond	whole	pack	too
raise	early	through	equal	hand	anybody	review
layers	ourselves	still	sitting	motor	individual	he
nearer	should	finest	rapidly	race	sail	piece
battle	fat	problem	feet	indeed	possibly	electric
upward	fair	underline	pencil	grabbed	fighting	owner
setting	believed	certain	wet	review	balance	pole
wait	work	buffalo	lose	vegetable	pair	parent
condition	darkness	silence	smile	mind	paid	activity
six	almost	neck	port	slope	short	outer
news	card	done	heat	sure	moon	right
never	load	advice	price	making	honor	unless
pretty	general	state	new	sky	location	does
noon	dollar	tin	natural	cage	bowl	combination
feathers	success	send	class	furniture	blanket	bottom
model	furniture	bite	tea	company	even	orbit
ask	must	jet	two	went	comfortable	leather
guess	around	scared	dear	save	brass	youth
labor	speed	half	strip	represent	including	poetry
came	essential	figure	base	father	let	brown
why	attached	southern	plane	gas	does	these
hard	method	moon	obtain	forty	ice	mass
pond	goose	mass	success	consist	laugh	above
written	weight	outline	heat	attached	said	smell
stronger	wave	plates	school	several	history	sentence
recent	shown	came	drop	noted	window	gasoline
color	child	electric	recent	newspaper	fifteen	straight
whispered	home	trap	silly	drew	advice	brain
read	told	command	leaf	fight	broke	identity
smile	beyond	consist	major	badly	doubt	valuable
damage	kids	attached	himself	available	dust	butter
care	tightly	support	related	machine	force	southern
activity	gasoline	close	of	truck	first	band
army	just	spoken	fine	neighborhood	uncle	asleep
pole	knew	gate	world	factor	citizen	studied
shaking	folks	blew	influence	fine	pass	neighbor
higher	failed	field	eat	know	monkey	speech
whose	halfway	band	guess	passage	fish	are
after	who	atmosphere	chain	hurried	colony	job
hold	dear	song	area	bear	satisfied	act
very	begun	apple	stared	themselves	soft	wood
well	amount	eleven	somebody	information	giant	construction
beneath	society	clearly	dangerous	smaller	very	bigger
police	equal	hat	further	south	mind	mine
shirt	merely	combine	forgotten	national	lunch	swim
show	effort	rocket	new	upper	roar	die
medicine	ready	plane	peace	ranch	title	daily
buy	way	such	triangle	scared	quarter	relationship
rain	full	claws	cowboy	molecular	threw	present
sweet	basic	yet	none	kill	noted	sand
clay	pull	time	doubt	task	recall	box
music	stand	pretty	proper	shot	cabin	window
especially	due	mile	there	actually	wealth	fear
branch	combination	still	who	atmosphere	operation	egg
rate	inside	fair	carbon	compare	capital	tribe
bee	badly	verb	call	bad	shore	danger
temperature	them	state	baby	person	volume	friendly
brave	who	observe	kill	herd	quietly	shout
visit	interest	ride	plate	outer	each	baseball
now	lovely	definition	with	burn	zoo	so
development	mixture	memory	political	say	captain	dangerous
parallel	increase	acres	eventually	native	soap	exercise
community	cover	favorite	twelve	camera	unhappy	act
therefore	additional	never	paragraph	smoke	quietly	since
invented	including	doing	imagine	discuss	said	of
weight	excitement	glass	everybody	box	eventually	solar
farther	limited	tank	particularly	cave	rush	sitting
earth	examine	north	naturally	your	little	stood
fix	push	careful	oil	cabin	specific	shelf
correctly	term	vapor	enough	youth	design	were
worker	terrible	town	lost	stopped	slide	sick
brain	victory	log	catch	dream	married	nobody
kept	rich	sleep	palace	carry	simple	wise
pie	aside	rain	organized	hello	bent	top
grow	electricity	action	upward	stopped	development	age
on	tune	mouse	he	studying	board	percent
gas	separate	term	type	deep	six	yes
not	common	hidden	receive	company	speak	service
lower	mud	breeze	they	in	boat	phrase
ring	hall	needed	quick	program	take	doll
welcome	nodded	jet	means	till	forest	income
face	symbol	fellow	explore	end	pen	while
goes	proper	done	plates	avoid	tomorrow	ourselves
dawn	average	copper	suppose	slope	seven	vapor
fresh	salmon	nervous	growth	baby	him	within
window	numeral	thread	develop	weigh	gradually	herself
there	game	mostly	shop	nine	have	mathematics
clear	walk	positive	city	pond	sweet	smallest
specific	lion	lucky	canal	cabin	swam	rays
eleven	carried	letter	yes	horse	sitting	property
steam	soldier	evidence	feet	buy	struck	member
mysterious	skill	pie	fairly	real	wave	mix
car	fair	work	discovery	outline	met	meet
fence	comfortable	mind	number	writing	adventure	whole
medicine	level	herself	smaller	mine	result	duty
belt	ride	thumb	frog	police	add	gray
longer	noise	chief	keep	selection	get	law
bare	naturally	sometime	of	rice	support	ought
fall	air	bus	dark	good	lunch	elephant
only	over	around	planet	mistake	dollar	write
wait	torn	off	support	seldom	strength	belt
lion	serious	special	youth	musical	stop	enjoy
cabin	verb	wheat	hundred	tales	share	object
two	lady	doubt	zero	describe	till	ranch
get	review	disappear	general	certain	win	forest
provide	prevent	does	brain	sold	lucky	suppose
pretty	kids	bone	fox	better	represent	interior
instant	stronger	shoot	moon	myself	area	plane
visit	mostly	settlers	population	choice	comfortable	energy
neck	number	smooth	military	dark	threw	mark
source	military	white	parent	equipment	put	frog
chart	headed	coming	sat	excitement	work	under
base	himself	hunter	step	yellow	softly	hidden
seldom	lie	likely	powder	crack	straw	bring
term	prevent	taught	dug	camp	country	atomic
teach	frighten	explanation	powder	easier	careful	serve
direct	practical	faster	cloth	curve	eaten	cry
birth	jack	kitchen	gravity	palace	pictured	this
pipe	himself	wide	activity	steep	log	composed
receive	specific	moving	desert	hurried	back	thick
sat	damage	path	night	fish	past	glass
flame	gasoline	avoid	additional	far	exact	buffalo
of	condition	bear	just	done	stop	forest
fully	heart	master	pink	prove	limited	meat
correctly	of	all	buffalo	came	according	tired
sound	paid	explore	advice	purple	vapor	throughout
frozen	women	globe	satisfied	wife	principle	grandmother
environment	industry	row	sight	vapor	mostly	chart
ten	probably	pretty	compass	did	that	force
animal	roof	twelve	excellent	hard	thirty	farmer
fear	unhappy	neighborhood	vast	getting	observe	were
sort	ocean	am	eaten	central	fireplace	had
willing	occasionally	count	mail	card	rubbed	size
sometime	public	put	police	pressure	green	noise
society	describe	mouse	found	two	peace	helpful
heading	seldom	hide	former	affect	victory	brush
rocket	apartment	after	your	tea	cry	structure
ground	us	beneath	spent	luck	original	clock
let	sand	stairs	army	human	cow	gun
sale	have	older	body	goes	lion	inch
product	hat	mistake	aboard	sweet	wire	unhappy
leader	orbit	express	explain	duty	tube	cookies
struggle	sheet	yard	affect	is	practical	anyway
both	faster	older	balance	stepped	fighting	bottle
within	getting	else	term	life	connected	friendly
difficulty	slight	recall	claws	person	left	park
include	rather	sang	pictured	element	officer	start
folks	with	leaving	blue	development	strike	length
paper	floor	fall	tape	clothes	tell	camera
airplane	specific	energy	chance	service	wait	because
stiff	hold	pour	sitting	therefore	well	wife
changing	forget	nearest	slipped	finger	damage	speed
report	be	pride	tool	heading	rate	hold
origin	turn	moving	excellent	fell	its	particular
every	during	curious	how	case	mud	choice
composition	getting	cap	silver	enemy	with	cross
positive	newspaper	daughter	nearest	spirit	far	your
promised	lion	place	receive	fact	plus	helpful
use	final	machinery	provide	build	nervous	get
balloon	stock	queen	sleep	design	library	typical
help	black	real	to	halfway	account	create
motor	deeply	answer	when	stand	according	stream
parts	crack	merely	distance	universe	so	research
swept	row	central	prove	story	pony	bicycle
find	require	instant	buy	bit	rising	place
unhappy	organization	dark	magic	many	went	final
enemy	chart	bottom	baby	read	balloon	remarkable
gave	goose	variety	pocket	circus	tail	beat
climb	describe	slightly	too	told	bee	believed
pile	golden	people	just	sight	parent	burn
safety	art	motor	city	moon	walk	shirt
doubt	pile	gasoline	discussion	however	held	on
explain	asleep	will	factory	plenty	serious	orbit
duty	until	buy	metal	adventure	machine	taste
base	hope	second	short	sick	needs	are
gulf	college	onlinetools	charge	sent	do	single
plates	truck	four	ill	upper	ring	planned
football	failed	visit	sum	brief	speech	form
summer	say	determine	cheese	according	pale	grow
mean	chance	far	arrangement	solution	map	board
street	still	gain	lady	possibly	design	jet
lose	oil	tide	follow	season	escape	older
entire	mixture	widely	scale	congress	grew	hot
speak	mail	captured	settle	distant	massage	information
trick	declared	structure	oldest	hit	point	like
porch	shall	course	case	everywhere	vote	practice
according	basket	football	boat	nature	brought	chart
actually	cave	experiment	person	gentle	kill	sum
welcome	pair	rain	nuts	shells	refer	breathing
square	everyone	identity	verb	smooth	dinner	poet
been	mice	stranger	nearly	rising	pattern	teacher
nearby	bet	final	printed	while	film	record
eleven	mind	character	proper	price	breathing	source
limited	yes	morning	shot	broad	fifth	bend
tide	bill	listen	rain	couple	original	die
success	school	claws	fence	said	careful	onto
damage	follow	interest	mud	letter	nation	badly
moving	sick	clean	activity	tired	pony	told
plan	began	bright	bark	distant	close	plenty
trunk	tune	far	wherever	still	plenty	largest
sort	outline	park	month	flower	crowd	dollar
beside	means	trip	current	pot	silver	mind
unhappy	continent	recently	consist	west	coach	sound
speech	hall	floor	camp	anything	given	meant
certainly	headed	who	gently	tape	been	parallel
shallow	object	lucky	wait	courage	while	anyway
trouble	everybody	anyway	separate	teeth	basket	simplest
central	headed	table	off	point	sea	treated
unless	safe	border	public	metal	leave	soldier
diagram	bright	sum	pitch	steam	instant	brick
growth	missing	deer	look	seed	piece	eaten
scale	habit	land	certain	substance	growth	dirty
waste	hall	bat	life	animal	group	ear
above	everywhere	family	facing	pale	activity	kill
satisfied	special	orbit	studying	upward	handsome	farm
work	tree	hollow	rhythm	tape	felt	aside
contrast	toy	term	outline	truck	allow	guess
voyage	danger	condition	sound	eleven	expect	rush
had	strike	fight	slip	agree	way	stiff
slope	talk	plane	cool	unhappy	guide	south
oil	itself	tired	solid	fruit	hat	pile
design	eye	chief	liquid	grain	clay	independent
include	seen	had	answer	straight	social	dug
political	theory	eaten	limited	wonder	plan	dish
pilot	clothing	lovely	excited	country	tired	activity
system	structure	still	danger	tape	wrong	origin
train	locate	month	fresh	highway	possibly	each
species	surrounded	box	notice	softly	pipe	bring
chest	composed	date	principle	race	sent	solution
angle	fighting	teacher	breath	board	science	should
leave	even	nuts	middle	chain	local	cross
trouble	loud	song	wore	form	pull	truck
shown	provide	horse	meet	education	worth	helpful
gently	cold	monkey	within	grade	trace	driven
color	mail	double	column	silence	spend	great
trouble	railroad	stock	slide	afternoon	jack	division
term	halfway	ago	tongue	club	to	excellent
swam	similar	becoming	milk	grew	earn	never
cotton	lack	wrong	flag	pure	health	lie
treated	game	he	especially	seldom	there	basis
minerals	white	muscle	simply	place	harder	state
hang	two	knife	wool	additional	industrial	musical
bet	count	deer	thou	dead	peace	country
biggest	yet	service	tomorrow	steam	glad	driven
smallest	fastened	slipped	summer	gas	remain	return
relationship	naturally	front	atmosphere	location	slipped	shore
arm	asleep	perfect	former	game	headed	gas
soldier	appropriate	hurry	remove	ring	satellites	told
spend	simple	truth	stood	tonight	truck	aloud
cloud	clothes	jump	event	usually	what	popular
own	native	basket	boy	blew	morning	fewer
parts	mouth	take	arrange	yourself	everybody	raw
native	recent	research	notice	cookies	yesterday	complete
duty	hollow	pack	quiet	principal	atom	magic
selection	else	production	mother	area	chief	that
prevent	first	declared	rice	dance	bar	night
leaf	early	brain	night	silly	question	structure
number	impossible	bell	slabs	cattle	are	weight
race	weight	became	during	anything	energy	escape
paragraph	horse	rest	chief	sweet	straight	picture
progress	unknown	broad	minute	sing	typical	anything
night	bet	quarter	green	consonant	farmer	pride
heart	proud	zoo	fast	school	reach	whale
frequently	block	police	successful	swim	case	over
passage	section	grow	sweet	sister	larger	national
identity	stepped	sister	time	number	vertical	cell
agree	grass	hair	grass	poet	spider	old
realize	sent	coal	title	them	television	tent
early	plan	family	replied	pet	is	opportunity
breath	perfect	mix	adult	throw	instant	advice
shown	curious	say	arrive	silver	minute	die
review	foot	cup	occasionally	own	join	place
mark	vote	measure	relationship	brave	available	orbit
office	gray	it	hall	pile	oldest	nest
crack	native	older	iron	order	against	strike
first	pattern	farmer	oldest	news	country	production
smile	wolf	duty	office	why	next	been
position	terrible	replied	continent	bone	judge	her
couple	rhythm	where	breathing	arrow	charge	at
during	deeply	cool	hall	camp	together	continued
silly	whistle	whom	orange	planet	policeman	pack
slowly	correctly	temperature	potatoes	seldom	mysterious	journey
nose	article	twice	port	yes	course	circus
fuel	hat	century	herd	knew	statement	roll
wood	public	iron	personal	especially	another	process
further	send	combination	topic	thou	beginning	class
pleasant	consonant	planet	value	complex	particles	certain
angle	eventually	would	produce	teacher	disappear	fog
hearing	clay	community	between	pale	telephone	symbol
particular	writer	pen	bill	flame	taste	definition
recognize	ancient	he	occur	crew	necessary	yes
once	occur	ice	farther	jack	place	imagine
mind	recent	difficult	trick	importance	belong	dinner
potatoes	coat	trade	brown	aboard	carry	border
thread	mistake	serious	about	final	first	stove
hospital	western	stomach	lost	buffalo	length	thrown
colony	base	adjective	crack	did	view	sure
hearing	rod	cake	mail	fort	but	rays
heart	off	win	as	fought	eventually	bend
writing	mud	organized	discussion	treated	stairs	someone
nodded	tube	known	crop	manner	list	into
piece	cage	furniture	audience	topic	physical	brave
sale	sides	dust	wild	pencil	shoe	automobile
per	adult	fact	chain	under	edge	except
trick	window	gulf	personal	cloud	apartment	limited
location	yard	beneath	coat	farther	widely	tide
cage	pile	straight	rising	final	colony	sister
choose	captain	like	fix	biggest	situation	printed
broke	dream	can	thumb	southern	riding	practice
won	took	climb	settle	poetry	car	enjoy
as	beneath	throughout	necessary	hang	stove	add
government	us	still	charge	pay	real	continued
statement	seen	easily	title	wagon	have	plane
alphabet	available	factory	final	am	program	yet
movie	explain	substance	until	hold	change	identity
thousand	magic	change	buried	dirt	laid	whispered
struck	engine	swing	strength	success	manner	grown
charge	cloth	weak	cat	swim	sets	by
sentence	happy	teeth	if	turn	labor	husband
breathing	quarter	grade	easily	roar	missing	year
suit	put	establish	because	third	rear	town
luck	stared	done	floating	spirit	friend	east
flies	variety	require	come	lower	consist	judge
name	put	note	birthday	pale	bank	band
fine	spite	dead	there	positive	medicine	store
tie	expect	triangle	several	push	me	camera
couple	allow	wrapped	someone	sharp	depth	material
music	cause	better	game	care	toy	knew
topic	gold	able	automobile	police	around	writer
shot	letter	mile	yourself	spin	stock	understanding
sharp	unless	remarkable	swam	wolf	judge	soon
needed	mice	percent	bank	table	unusual	sign
higher	rubbed	meal	needle	rice	shout	voice
scale	tiny	older	began	but	football	of
clay	cause	suddenly	unhappy	mill	white	war
that	shaking	hollow	active	attack	dry	duck
better	stairs	interior	will	apple	church	wore
bank	hope	bean	plenty	stopped	moving	while
may	kids	harbor	captain	other	curve	plenty
level	eye	court	shout	danger	deer	wheel
mistake	this	here	grow	kind	winter	handsome
furniture	walk	opportunity	about	fought	baby	daughter
forty	noon	dried	gulf	beat	seven	rough
society	heavy	realize	ate	solid	our	what
birthday	labor	waste	begun	touch	barn	missing
national	three	worth	century	bat	couple	thee
basis	loose	cent	seeing	amount	dozen	solar
fewer	main	wood	wild	shaking	depth	thousand
aware	doctor	reader	until	cloth	left	worried
spent	pocket	castle	reach	page	out	were
memory	never	fly	vast	find	yesterday	damage
individual	wish	dried	fed	throw	mirror	life
mean	basic	up	dirt	arrange	magic	swung
stop	labor	living	folks	moving	escape	fly
girl	grade	particularly	sentence	purple	tears	stop
rubber	forest	way	battle	rear	stairs	connected
this	basis	twenty	importance	meat	ruler	canal
recently	air	joy	accident	inch	immediately	peace
plural	beside	history	tears	complex	language	mistake
beyond	rocky	pick	money	harbor	laid	thrown
sat	actual	cup	give	practical	both	vowel
physical	is	sister	arrow	worse	season	repeat
scene	help	luck	caught	writer	alphabet	south
market	ice	late	mill	production	flame	growth
laid	feel	properly	cattle	poet	like	run
available	planned	shallow	pleasure	location	wet	wealth
remain	yellow	hundred	magic	film	pine	length
official	warm	lot	herself	store	house	few
settlers	origin	thread	speak	hot	color	exist
identity	sea	fighting	development	page	post	therefore
suit	past	soon	facing	independent	pressure	mud
image	farm	hung	is	clock	president	newspaper
tower	trade	gray	double	pilot	pair	beginning
taken	check	stronger	forty	slow	standard	coal
began	given	beautiful	sea	best	favorite	create
observe	both	this	musical	unhappy	service	hay
fog	carbon	trick	explanation	slow	short	rays
difficulty	former	become	mouse	land	love	shout
pilot	president	wonderful	copy	strange	into	what
ability	company	drove	here	parts	doing	mistake
child	adventure	record	empty	distant	pond	chemical
characteristic	specific	get	steel	that	safe	twenty
sleep	eager	border	control	better	phrase	said
human	such	planet	ear	silk	liquid	little
declared	ordinary	lost	bar	enough	exactly	captain
heat	nine	supply	steam	paper	smile	further
dawn	level	fill	occasionally	receive	helpful	cloth
audience	throw	of	has	composition	remain	current
catch	molecular	month	topic	account	definition	wave
light	hunter	well	track	open	lot	butter
bus	mice	garage	plural	stretch	bit	interior
everywhere	frighten	roll	together	too	giving	knew
combine	running	public	strength	dark	bush	poem
include	film	dead	zoo	dangerous	story	instance
grown	smooth	pan	activity	fix	which	keep
light	classroom	magnet	choose	same	shine	wolf
soap	dug	force	type	scared	minerals	break
carefully	make	danger	rush	circle	bar	joy
group	even	seeing	fifth	earn	rush	told
vapor	perfect	history	passage	activity	longer	both
weight	hurry	active	deeply	statement	ill	making
whose	orange	research	softly	give	percent	brief
dinner	correctly	afternoon	highway	warm	beyond	energy
purpose	child	here	vapor	various	bus	anyone
living	thousand	toy	wild	cook	sugar	dug
century	blanket	shinning	struggle	tail	equally	roll
student	electric	main	mass	greater	between	quick
son	school	met	island	wife	finally	discuss
invented	tape	dot	film	victory	built	earn
till	announced	speech	grew	avoid	birth	rise
knowledge	search	correct	wing	scared	score	party
wish	way	shoe	near	snake	total	led
slave	percent	flat	refer	soldier	radio	tonight
choice	rule	tin	nodded	beginning	everyone	south
other	hurry	again	tower	unhappy	power	likely
seems	vessels	why	yesterday	facing	frozen	jump
brave	shout	value	pale	truth	together	that
flame	air	breakfast	nation	color	sunlight	stuck
if	nine	mark	certainly	softly	instant	hot
globe	bus	thumb	skin	stood	partly	team
peace	good	story	us	written	far	mouth
giant	circus	graph	dull	sink	joined	doll
sign	parent	butter	die	anything	stand	valuable
or	stand	expect	put	go	movement	beside
tone	manufacturing	pair	women	which	bee	square
right	upon	art	past	rice	liquid	classroom
bound	stop	gasoline	size	almost	pleasant	memory
introduced	try	letter	silk	fallen	listen	throw
could	personal	theory	shoulder	excellent	managed	wife
happily	cent	may	fresh	discuss	sick	origin
camp	bit	energy	distance	length	arrangement	curious
strong	writer	television	manufacturing	especially	worried	anywhere
complete	plate	could	well	unusual	beside	island
limited	perhaps	example	window	seen	known	key
relationship	leather	hurt	stand	pencil	corn	sum
nothing	silk	gasoline	log	ability	done	course
porch	joined	automobile	per	library	wolf	meet
till	far	additional	whatever	form	sea	experience
wool	threw	thin	obtain	function	would	we
tall	which	traffic	by	exist	examine	when
dangerous	national	track	noon	service	respect	serve
cave	cannot	loss	has	had	gentle	draw
porch	battle	teach	letter	won	triangle	purpose
recognize	eight	mission	put	helpful	pony	community
read	rhythm	needle	happily	wore	raw	trap
whole	promised	explore	certain	top	egg	lift
red	nation	accept	meat	highway	pictured	red
welcome	been	ordinary	instant	double	solar	brought
tape	perhaps	level	owner	be	unit	card
breakfast	wore	heard	experiment	valuable	ought	arrangement
animal	maybe	pupil	green	certain	been	fix
afternoon	agree	pipe	nearly	room	ourselves	home
gray	flies	hunt	birthday	outline	straight	end
canal	told	way	our	movie	forth	far
type	importance	sick	test	select	boat	chain
willing	excitement	afraid	unknown	boat	book	fog
private	taken	ship	factor	ordinary	plates	problem
develop	design	these	tune	speak	state	curious
race	arrow	his	needle	am	fewer	depth
melted	standard	beautiful	condition	fun	movie	put
fix	wooden	daily	conversation	tightly	shirt	essential
frozen	married	thou	harbor	heart	yet	tone
was	book	man	building	safe	blind	catch
he	saddle	bend	smaller	go	breathing	hit
book	camp	price	cross	summer	finish	planet
gently	help	underline	certain	importance	wonderful	center
surface	honor	straight	slowly	fastened	neighborhood	threw
globe	mice	quickly	real	root	wire	silly
nice	write	television	blew	quarter	include	curious
offer	feed	dull	funny	waste	rush	arrive
post	throughout	open	vessels	object	part	once
related	terrible	mountain	sink	discuss	ocean	vast
quiet	garage	told	getting	possible	remove	simply
compare	youth	fifty	track	bridge	fear	appearance
liquid	drawn	manufacturing	phrase	visitor	spider	burn
dull	ordinary	laugh	letter	poem	thank	want
three	pile	metal	twenty	grandmother	happened	waste
metal	record	will	warm	apple	discuss	moon
cry	queen	ill	share	almost	name	especially
slowly	world	sleep	massage	promised	today	history
ranch	rough	golden	traffic	ear	throat	return
birthday	appropriate	turn	dinner	experiment	which	case
return	laid	sign	motion	edge	longer	climate
market	compound	nearer	eventually	more	habit	rhythm
picture	plus	aid	partly	wrote	sold	buried
salmon	sea	kept	clothes	ought	pitch	equal
stiff	tube	good	political	shine	differ	wheel
motor	airplane	father	while	happily	fog	raise
let	to	bus	chain	movie	prepare	stone
simplest	produce	hurt	affect	equally	sea	once
fellow	southern	has	huge	yes	jungle	chemical
plus	deal	before	gate	start	universe	very
minute	whose	is	industry	stepped	rice	whale
usually	follow	pony	dance	even	rain	rose
seen	married	jump	rope	adult	golden	plenty
help	aid	adult	root	mud	company	weak
avoid	halfway	round	telephone	effort	black	paragraph
while	tune	money	something	taste	gun	spell
biggest	shorter	himself	feet	bring	white	furniture
indicate	health	press	deeply	whispered	learn	behind
stared	in	weigh	behind	riding	air	sport
blue	shinning	statement	coal	supper	difficulty	inside
bicycle	structure	solve	model	nest	vowel	article
stock	health	result	blue	mostly	factor	string
most	son	trap	key	opportunity	within	planet
zero	minerals	tie	event	pink	nation	hungry
public	biggest	attack	examine	merely	pure	softly
team	heart	surprise	spin	bare	joy	wool
onlinetools	silence	threw	saved	matter	talk	golden
blank	pretty	feet	attached	forgot	everybody	speed
pony	strength	street	lunch	swam	begun	small
gun	none	height	alive	town	leave	tell
handsome	count	lonely	repeat	harder	leaving	pick
sand	sleep	money	particularly	remove	anybody	waste
environment	higher	recognize	ate	clock	process	familiar
office	possibly	has	while	noun	hall	organization
rice	spirit	contrast	various	greater	dry	connected
silver	direction	harbor	engine	soap	bar	division
married	gate	there	play	fog	hope	political
noted	back	explanation	helpful	tune	ground	wrapped
tide	mathematics	fourth	depend	bend	shelter	hollow
monkey	loud	loose	nature	eight	learn	cell
creature	exclaimed	correctly	arrange	wet	hunt	recognize
shirt	lost	suit	yourself	dull	tobacco	swimming
transportation	fourth	low	onlinetools	advice	skin	chosen
breathing	salt	exactly	there	cloth	voice	plant
detail	zero	of	show	silence	prove	population
vast	ranch	nearly	tales	worth	wheat	wonder
hollow	pale	vegetable	swept	never	scared	station
swam	death	social	when	broken	start	language
provide	simple	variety	eaten	pond	forest	limited
discovery	production	tonight	was	dot	whole	halfway
brass	make	sink	depth	water	mind	idea
brass	carry	act	cost	softly	business	compass
unit	rice	saved	hollow	equal	tribe	fought
egg	dropped	shout	pile	stick	acres	factor
base	city	passage	far	safe	loss	tool
today	tears	spell	pretty	winter	stone	idea
oxygen	exclaimed	for	effect	properly	fed	shape
wonderful	count	exclaimed	perfectly	symbol	material	activity
which	who	pleasure	getting	habit	little	seems
laid	coming	fifty	silence	yesterday	beyond	eye
choice	sunlight	mostly	twelve	bill	mirror	earn
fish	ancient	grass	breath	science	run	baby
slide	distant	escape	flat	instead	search	stiff
saw	unhappy	mark	composed	applied	cutting	impossible
plates	nearby	strip	built	behind	grabbed	excited
fine	discuss	six	put	operation	pine	imagine
finest	everywhere	fuel	horn	young	physical	wooden
double	solution	easily	unusual	syllable	observe	by
identity	weather	party	musical	desk	indeed	greater
tropical	owner	lot	must	length	lack	concerned
western	sweet	forget	report	threw	frighten	bet
indicate	power	lunch	occur	air	captured	service
combination	silent	afraid	area	trail	stone	glad
dangerous	physical	wonderful	tide	sang	paragraph	highway
if	ranch	screen	level	twelve	broken	might
mirror	sure	loose	left	feathers	shirt	surrounded
obtain	basis	history	accident	usually	musical	frozen
tired	final	huge	nobody	for	series	black
balance	salmon	husband	skill	saved	father	cheese
potatoes	angry	gone	customs	light	correct	wing
dozen	current	chance	shinning	rough	heading	park
elephant	guard	old	elephant	distant	could	rubber
still	completely	differ	seeing	massage	center	stay
fifteen	disappear	southern	farmer	on	came	bag
production	slope	story	around	field	butter	palace
column	potatoes	prevent	needed	bare	gain	hospital
quiet	told	dot	shine	explain	explain	doctor
so	pain	at	previous	trip	until	attention
expect	report	nest	north	contain	late	want
brother	fought	modern	through	single	box	travel
copper	eventually	solve	word	knew	respect	nor
distant	effect	glad	tank	shinning	magnet	energy
brown	or	old	everybody	choose	could	army
far	seat	exactly	atmosphere	southern	opposite	accept
sick	similar	luck	break	bus	please	rush
office	printed	task	build	several	bright	early
automobile	floating	duty	branch	baby	complete	seven
gray	numeral	frequently	same	combine	obtain	basic
goose	saw	whatever	date	late	escape	funny
blue	simply	chain	know	image	snake	swung
whale	principal	provide	darkness	position	rule	grain
chose	choose	lunch	deep	noise	us	cotton
missing	into	spread	past	hold	middle	dull
if	outline	solar	pocket	car	declared	policeman
available	bus	queen	give	creature	thread	slave
development	lose	rose	north	entire	small	look
article	article	wheat	strip	pair	ourselves	did
brick	blood	greatly	variety	few	ear	steel
chest	whose	straw	becoming	chamber	bill	plural
brave	forward	pattern	thus	discover	pride	gasoline
tube	effort	express	teeth	upper	answer	ear
engine	funny	worse	consider	work	plain	term
mice	hospital	bowl	burst	fill	alive	best
orbit	factory	plane	third	kept	into	raise
massage	slightly	deeply	fifth	eleven	stared	object
typical	tears	fence	chair	lunch	shorter	accept
process	moon	noon	exist	ancient	touch	field
poet	object	twenty	coming	root	control	agree
particles	birds	troops	speech	parts	score	traffic
shout	pay	garden	alphabet	knife	weak	discuss
trip	front	become	burn	early	wet	valley
real	oldest	journey	force	quite	she	green
refer	wave	exercise	sound	examine	melted	begun
officer	parent	purpose	declared	corn	buffalo	shake
funny	uncle	boat	indeed	equator	shallow	chart
push	canal	tried	various	factory	everything	have
magnet	seeing	dear	farmer	position	inch	cook
arm	team	statement	tin	hang	giving	open
steel	available	driver	traffic	whom	other	port
was	explanation	alone	turn	living	key	own
rocket	chicken	taste	magic	himself	may	arm
education	needle	longer	scientist	copper	itself	wide
moon	gravity	cat	seed	time	magic	value
plus	say	triangle	opinion	share	trap	face
hunt	old	third	shut	play	none	park
topic	laugh	possible	command	soap	bat	wing
serve	zero	solve	jungle	threw	until	owner
press	night	frame	rice	straight	castle	lead
rabbit	heart	flower	route	medicine	social	burn
everyone	sight	wagon	clothing	brave	none	near
kitchen	cage	breath	deeply	condition	put	tune
barn	held	author	flies	fed	lips	were
remember	good	lose	direction	push	command	wash
left	pile	halfway	lift	act	door	mental
task	must	president	wall	my	roar	weight
dear	supper	sun	believed	national	fairly	worse
nodded	fruit	shake	bottom	slipped	product	metal
pencil	donkey	three	physical	song	recent	mother
division	fruit	took	addition	finally	bee	ate
hall	took	condition	nearby	pole	sense	by
tongue	forget	rhythm	look	him	six	rhyme
building	that	slow	swam	than	fresh	cloud
write	road	everyone	bend	origin	setting	finger
check	human	mighty	wave	car	choose	mysterious
break	without	begun	visit	he	wolf	grabbed
compare	silver	split	dear	numeral	certainly	jump
fifteen	hold	war	porch	real	language	pole
instrument	swung	break	clothes	highest	blow	phrase
way	police	language	sunlight	then	same	clay
little	atom	lesson	alone	bark	cool	income
substance	rapidly	rain	steel	quarter	cost	setting
size	finish	felt	classroom	tip	actually	slope
jet	name	fine	oil	has	remember	balloon
another	tried	card	tales	dog	ear	tin
ought	fierce	straight	mission	musical	blood	dead
television	chicken	coal	soon	finish	never	thou
program	sets	bottom	government	until	spread	aboard
according	else	mother	region	give	opposite	answer
observe	hunt	substance	stand	someone	hospital	who
ants	say	settlers	stood	shop	airplane	daughter
eat	back	stared	method	anywhere	nor	throughout
various	nodded	mood	per	paint	seen	green
melted	cotton	impossible	breath	beneath	hit	western
principal	nobody	suggest	garden	social	industrial	outline
sister	brass	elephant	smell	sheep	garden	whispered
key	fine	farmer	lose	stiff	creature	strength
bill	well	together	tongue	moment	four	thing
snow	poor	twenty	partly	duck	rose	taste
brain	though	refused	attached	alive	chart	grandfather
lose	original	like	tent	successful	by	personal
railroad	came	practice	method	barn	neck	black
darkness	girl	top	form	house	word	earlier
exchange	service	pan	fur	table	because	pattern
maybe	winter	wheat	silver	whistle	myself	outer
song	dish	noise	unhappy	reader	manufacturing	task
arrange	experience	officer	paid	airplane	term	type
owner	camera	husband	any	area	disappear	wore
draw	making	remarkable	horn	teeth	universe	everybody
water	fruit	printed	eat	scientific	lost	plain
pole	orange	caught	edge	pattern	once	upon
began	curve	expect	good	type	reader	army
vessels	shade	nothing	mouse	wide	add	leather
escape	until	substance	science	they	engineer	wall
outline	burst	through	conversation	student	attempt	ability
tip	case	land	occur	space	bottom	fresh
want	dear	outer	satisfied	swam	discovery	vapor
wore	peace	darkness	trace	strange	perfect	star
topic	eye	two	book	up	stood	wire
careful	huge	joy	aboard	be	shoot	speed
shoulder	far	ride	sum	selection	station	central
black	swept	mark	location	method	herd	fourth